-- MySQL dump 10.13  Distrib 5.5.31, for debian-linux-gnu (x86_64)
--
-- Host: localhost    Database: terminal_fee
-- ------------------------------------------------------
-- Server version	5.5.31-0ubuntu0.13.04.1

/*!40101 SET @OLD_CHARACTER_SET_CLIENT=@@CHARACTER_SET_CLIENT */;
/*!40101 SET @OLD_CHARACTER_SET_RESULTS=@@CHARACTER_SET_RESULTS */;
/*!40101 SET @OLD_COLLATION_CONNECTION=@@COLLATION_CONNECTION */;
/*!40101 SET NAMES utf8 */;
/*!40103 SET @OLD_TIME_ZONE=@@TIME_ZONE */;
/*!40103 SET TIME_ZONE='+00:00' */;
/*!40014 SET @OLD_UNIQUE_CHECKS=@@UNIQUE_CHECKS, UNIQUE_CHECKS=0 */;
/*!40014 SET @OLD_FOREIGN_KEY_CHECKS=@@FOREIGN_KEY_CHECKS, FOREIGN_KEY_CHECKS=0 */;
/*!40101 SET @OLD_SQL_MODE=@@SQL_MODE, SQL_MODE='NO_AUTO_VALUE_ON_ZERO' */;
/*!40111 SET @OLD_SQL_NOTES=@@SQL_NOTES, SQL_NOTES=0 */;

--
-- Table structure for table `AuthAssignment`
--

DROP TABLE IF EXISTS `AuthAssignment`;
/*!40101 SET @saved_cs_client     = @@character_set_client */;
/*!40101 SET character_set_client = utf8 */;
CREATE TABLE `AuthAssignment` (
  `itemname` varchar(64) NOT NULL,
  `userid` varchar(64) NOT NULL,
  `bizrule` text,
  `data` text,
  PRIMARY KEY (`itemname`,`userid`),
  CONSTRAINT `AuthAssignment_ibfk_1` FOREIGN KEY (`itemname`) REFERENCES `AuthItem` (`name`) ON DELETE CASCADE ON UPDATE CASCADE
) ENGINE=InnoDB DEFAULT CHARSET=latin1;
/*!40101 SET character_set_client = @saved_cs_client */;

--
-- Dumping data for table `AuthAssignment`
--

LOCK TABLES `AuthAssignment` WRITE;
/*!40000 ALTER TABLE `AuthAssignment` DISABLE KEYS */;
INSERT INTO `AuthAssignment` VALUES ('Admin','1',NULL,'N;');
/*!40000 ALTER TABLE `AuthAssignment` ENABLE KEYS */;
UNLOCK TABLES;

--
-- Table structure for table `AuthItem`
--

DROP TABLE IF EXISTS `AuthItem`;
/*!40101 SET @saved_cs_client     = @@character_set_client */;
/*!40101 SET character_set_client = utf8 */;
CREATE TABLE `AuthItem` (
  `name` varchar(64) NOT NULL,
  `type` int(11) NOT NULL,
  `description` text,
  `bizrule` text,
  `data` text,
  PRIMARY KEY (`name`)
) ENGINE=InnoDB DEFAULT CHARSET=latin1;
/*!40101 SET character_set_client = @saved_cs_client */;

--
-- Dumping data for table `AuthItem`
--

LOCK TABLES `AuthItem` WRITE;
/*!40000 ALTER TABLE `AuthItem` DISABLE KEYS */;
INSERT INTO `AuthItem` VALUES ('Admin',2,NULL,NULL,'N;'),('Authenticated',2,NULL,NULL,'N;'),('Guest',2,NULL,NULL,'N;');
/*!40000 ALTER TABLE `AuthItem` ENABLE KEYS */;
UNLOCK TABLES;

--
-- Table structure for table `Rights`
--

DROP TABLE IF EXISTS `Rights`;
/*!40101 SET @saved_cs_client     = @@character_set_client */;
/*!40101 SET character_set_client = utf8 */;
CREATE TABLE `Rights` (
  `itemname` varchar(64) NOT NULL,
  `type` int(11) NOT NULL,
  `weight` int(11) NOT NULL,
  PRIMARY KEY (`itemname`),
  CONSTRAINT `Rights_ibfk_1` FOREIGN KEY (`itemname`) REFERENCES `AuthItem` (`name`) ON DELETE CASCADE ON UPDATE CASCADE
) ENGINE=InnoDB DEFAULT CHARSET=latin1;
/*!40101 SET character_set_client = @saved_cs_client */;

--
-- Dumping data for table `Rights`
--

LOCK TABLES `Rights` WRITE;
/*!40000 ALTER TABLE `Rights` DISABLE KEYS */;
/*!40000 ALTER TABLE `Rights` ENABLE KEYS */;
UNLOCK TABLES;

--
-- Table structure for table `authitemchild`
--

DROP TABLE IF EXISTS `authitemchild`;
/*!40101 SET @saved_cs_client     = @@character_set_client */;
/*!40101 SET character_set_client = utf8 */;
CREATE TABLE `authitemchild` (
  `parent` varchar(64) NOT NULL,
  `child` varchar(64) NOT NULL,
  PRIMARY KEY (`parent`,`child`),
  KEY `child` (`child`),
  CONSTRAINT `authitemchild_ibfk_1` FOREIGN KEY (`parent`) REFERENCES `AuthItem` (`name`) ON DELETE CASCADE ON UPDATE CASCADE,
  CONSTRAINT `authitemchild_ibfk_2` FOREIGN KEY (`child`) REFERENCES `AuthItem` (`name`) ON DELETE CASCADE ON UPDATE CASCADE
) ENGINE=InnoDB DEFAULT CHARSET=latin1;
/*!40101 SET character_set_client = @saved_cs_client */;

--
-- Dumping data for table `authitemchild`
--

LOCK TABLES `authitemchild` WRITE;
/*!40000 ALTER TABLE `authitemchild` DISABLE KEYS */;
/*!40000 ALTER TABLE `authitemchild` ENABLE KEYS */;
UNLOCK TABLES;

--
-- Table structure for table `counter`
--

DROP TABLE IF EXISTS `counter`;
/*!40101 SET @saved_cs_client     = @@character_set_client */;
/*!40101 SET character_set_client = utf8 */;
CREATE TABLE `counter` (
  `id` int(11) NOT NULL AUTO_INCREMENT,
  `name` varchar(100) NOT NULL,
  `code` varchar(10) NOT NULL,
  `value` int(11) NOT NULL,
  PRIMARY KEY (`id`)
) ENGINE=InnoDB AUTO_INCREMENT=3 DEFAULT CHARSET=latin1;
/*!40101 SET character_set_client = @saved_cs_client */;

--
-- Dumping data for table `counter`
--

LOCK TABLES `counter` WRITE;
/*!40000 ALTER TABLE `counter` DISABLE KEYS */;
INSERT INTO `counter` VALUES (1,'barcode','A',292),(2,'batch_no','0',142);
/*!40000 ALTER TABLE `counter` ENABLE KEYS */;
UNLOCK TABLES;

--
-- Table structure for table `fee`
--

DROP TABLE IF EXISTS `fee`;
/*!40101 SET @saved_cs_client     = @@character_set_client */;
/*!40101 SET character_set_client = utf8 */;
CREATE TABLE `fee` (
  `id` int(11) NOT NULL AUTO_INCREMENT,
  `name` varchar(32) NOT NULL,
  `price` decimal(10,0) NOT NULL,
  `dateCreated` datetime DEFAULT NULL,
  `active` tinyint(1) NOT NULL,
  PRIMARY KEY (`id`),
  KEY `passenger` (`name`)
) ENGINE=InnoDB AUTO_INCREMENT=3 DEFAULT CHARSET=latin1;
/*!40101 SET character_set_client = @saved_cs_client */;

--
-- Dumping data for table `fee`
--

LOCK TABLES `fee` WRITE;
/*!40000 ALTER TABLE `fee` DISABLE KEYS */;
INSERT INTO `fee` VALUES (1,'Regular',20,'2013-12-06 12:56:03',1),(2,'Senior/PWD',15,'2013-12-06 12:56:12',1);
/*!40000 ALTER TABLE `fee` ENABLE KEYS */;
UNLOCK TABLES;

--
-- Table structure for table `profiles`
--

DROP TABLE IF EXISTS `profiles`;
/*!40101 SET @saved_cs_client     = @@character_set_client */;
/*!40101 SET character_set_client = utf8 */;
CREATE TABLE `profiles` (
  `user_id` int(11) NOT NULL AUTO_INCREMENT,
  `lastname` varchar(50) NOT NULL DEFAULT '',
  `firstname` varchar(50) NOT NULL DEFAULT '',
  PRIMARY KEY (`user_id`),
  CONSTRAINT `user_profile_id` FOREIGN KEY (`user_id`) REFERENCES `users` (`id`) ON DELETE CASCADE
) ENGINE=InnoDB AUTO_INCREMENT=3 DEFAULT CHARSET=utf8;
/*!40101 SET character_set_client = @saved_cs_client */;

--
-- Dumping data for table `profiles`
--

LOCK TABLES `profiles` WRITE;
/*!40000 ALTER TABLE `profiles` DISABLE KEYS */;
INSERT INTO `profiles` VALUES (1,'Santiago','Vhilly'),(2,'Cabug-os','Neil');
/*!40000 ALTER TABLE `profiles` ENABLE KEYS */;
UNLOCK TABLES;

--
-- Table structure for table `profiles_fields`
--

DROP TABLE IF EXISTS `profiles_fields`;
/*!40101 SET @saved_cs_client     = @@character_set_client */;
/*!40101 SET character_set_client = utf8 */;
CREATE TABLE `profiles_fields` (
  `id` int(10) NOT NULL AUTO_INCREMENT,
  `varname` varchar(50) NOT NULL,
  `title` varchar(255) NOT NULL,
  `field_type` varchar(50) NOT NULL,
  `field_size` varchar(15) NOT NULL DEFAULT '0',
  `field_size_min` varchar(15) NOT NULL DEFAULT '0',
  `required` int(1) NOT NULL DEFAULT '0',
  `match` varchar(255) NOT NULL DEFAULT '',
  `range` varchar(255) NOT NULL DEFAULT '',
  `error_message` varchar(255) NOT NULL DEFAULT '',
  `other_validator` varchar(5000) NOT NULL DEFAULT '',
  `default` varchar(255) NOT NULL DEFAULT '',
  `widget` varchar(255) NOT NULL DEFAULT '',
  `widgetparams` varchar(5000) NOT NULL DEFAULT '',
  `position` int(3) NOT NULL DEFAULT '0',
  `visible` int(1) NOT NULL DEFAULT '0',
  PRIMARY KEY (`id`),
  KEY `varname` (`varname`,`widget`,`visible`)
) ENGINE=InnoDB AUTO_INCREMENT=3 DEFAULT CHARSET=utf8;
/*!40101 SET character_set_client = @saved_cs_client */;

--
-- Dumping data for table `profiles_fields`
--

LOCK TABLES `profiles_fields` WRITE;
/*!40000 ALTER TABLE `profiles_fields` DISABLE KEYS */;
INSERT INTO `profiles_fields` VALUES (1,'lastname','Last Name','VARCHAR','50','3',1,'','','Incorrect Last Name (length between 3 and 50 characters).','','','','',1,3),(2,'firstname','First Name','VARCHAR','50','3',1,'','','Incorrect First Name (length between 3 and 50 characters).','','','','',0,3);
/*!40000 ALTER TABLE `profiles_fields` ENABLE KEYS */;
UNLOCK TABLES;

--
-- Table structure for table `shipping_companies`
--

DROP TABLE IF EXISTS `shipping_companies`;
/*!40101 SET @saved_cs_client     = @@character_set_client */;
/*!40101 SET character_set_client = utf8 */;
CREATE TABLE `shipping_companies` (
  `id` int(11) NOT NULL AUTO_INCREMENT,
  `name` varchar(32) DEFAULT NULL,
  `active` tinyint(1) NOT NULL,
  PRIMARY KEY (`id`)
) ENGINE=InnoDB AUTO_INCREMENT=5 DEFAULT CHARSET=latin1;
/*!40101 SET character_set_client = @saved_cs_client */;

--
-- Dumping data for table `shipping_companies`
--

LOCK TABLES `shipping_companies` WRITE;
/*!40000 ALTER TABLE `shipping_companies` DISABLE KEYS */;
INSERT INTO `shipping_companies` VALUES (0,'',1),(1,'Archipelago FastCat',1),(2,'StarLiner',1),(3,'2Go/SuperCat',1);
/*!40000 ALTER TABLE `shipping_companies` ENABLE KEYS */;
UNLOCK TABLES;

--
-- Table structure for table `terminal_ticket`
--

DROP TABLE IF EXISTS `terminal_ticket`;
/*!40101 SET @saved_cs_client     = @@character_set_client */;
/*!40101 SET character_set_client = utf8 */;
CREATE TABLE `terminal_ticket` (
  `id` int(11) NOT NULL AUTO_INCREMENT,
  `batch_no` varchar(32) DEFAULT NULL,
  `barcode` varchar(100) NOT NULL DEFAULT '0',
  `fee` int(11) DEFAULT NULL,
  `price_paid` decimal(10,0) DEFAULT NULL,
  `shipping` int(11) DEFAULT '0',
  `first_name` varchar(100) DEFAULT NULL,
  `last_name` varchar(100) DEFAULT NULL,
  `age` int(11) DEFAULT NULL,
  `datetime` datetime NOT NULL,
  `created_by` int(11) DEFAULT NULL,
  `status` int(11) DEFAULT '1',
  `voyage_no` varchar(100) DEFAULT NULL,
  `ticket_no` varchar(100) DEFAULT NULL,
  PRIMARY KEY (`id`),
  KEY `fee` (`fee`),
  KEY `shipping` (`shipping`),
  KEY `shipping_2` (`shipping`),
  KEY `status` (`status`),
  CONSTRAINT `terminal_ticket_ibfk_3` FOREIGN KEY (`status`) REFERENCES `ticket_status` (`id`),
  CONSTRAINT `terminal_ticket_ibfk_1` FOREIGN KEY (`fee`) REFERENCES `fee` (`id`),
  CONSTRAINT `terminal_ticket_ibfk_2` FOREIGN KEY (`shipping`) REFERENCES `shipping_companies` (`id`)
) ENGINE=InnoDB AUTO_INCREMENT=288 DEFAULT CHARSET=latin1;
/*!40101 SET character_set_client = @saved_cs_client */;

--
-- Dumping data for table `terminal_ticket`
--

LOCK TABLES `terminal_ticket` WRITE;
/*!40000 ALTER TABLE `terminal_ticket` DISABLE KEYS */;
INSERT INTO `terminal_ticket` VALUES (1,'0000001','A000006',1,NULL,0,'','',NULL,'2013-12-13 10:21:24',1,1,NULL,NULL),(2,'0000001','A000007',1,NULL,0,'','',NULL,'2013-12-13 10:21:24',1,1,NULL,NULL),(3,'0000001','A000008',1,NULL,0,'','',NULL,'2013-12-13 10:21:24',1,1,NULL,NULL),(4,'0000001','A000009',1,NULL,0,'','',NULL,'2013-12-13 10:21:24',1,1,NULL,NULL),(5,'0000001','A000010',1,NULL,0,'','',NULL,'2013-12-13 10:21:24',1,1,NULL,NULL),(6,'0000002','A000011',1,NULL,0,'','',NULL,'2013-12-13 10:22:11',1,1,NULL,NULL),(7,'0000002','A000012',1,NULL,0,'','',NULL,'2013-12-13 10:22:11',1,1,NULL,NULL),(8,'0000002','A000013',1,NULL,0,'','',NULL,'2013-12-13 10:22:11',1,1,NULL,NULL),(9,'0000002','A000014',1,NULL,0,'','',NULL,'2013-12-13 10:22:11',1,1,NULL,NULL),(10,'0000002','A000015',1,NULL,0,'','',NULL,'2013-12-13 10:22:11',1,1,NULL,NULL),(11,'0000002','A000016',1,NULL,0,'','',NULL,'2013-12-13 10:22:11',1,1,NULL,NULL),(12,'0000002','A000017',1,NULL,0,'','',NULL,'2013-12-13 10:22:11',1,1,NULL,NULL),(13,'0000002','A000018',1,NULL,0,'','',NULL,'2013-12-13 10:22:11',1,1,NULL,NULL),(14,'0000002','A000019',1,NULL,0,'','',NULL,'2013-12-13 10:22:11',1,1,NULL,NULL),(15,'0000003','A000020',1,0,0,'','',NULL,'2013-12-13 10:32:48',1,1,NULL,NULL),(16,'0000003','A000021',1,0,0,'','',NULL,'2013-12-13 10:32:48',1,1,NULL,NULL),(17,'0000003','A000022',1,0,0,'','',NULL,'2013-12-13 10:32:48',1,1,NULL,NULL),(18,'0000003','A000023',1,0,0,'','',NULL,'2013-12-13 10:32:48',1,1,NULL,NULL),(19,'0000003','A000024',1,0,0,'','',NULL,'2013-12-13 10:32:48',1,1,NULL,NULL),(20,'0000003','A000025',1,0,0,'','',NULL,'2013-12-13 10:32:48',1,1,NULL,NULL),(21,'0000003','A000026',1,0,0,'','',NULL,'2013-12-13 10:32:48',1,1,NULL,NULL),(22,'0000003','A000027',1,0,0,'','',NULL,'2013-12-13 10:32:48',1,1,NULL,NULL),(23,'0000004','A000028',1,0,0,'','',NULL,'2013-12-13 10:42:01',1,1,NULL,NULL),(24,'0000004','A000029',1,0,0,'','',NULL,'2013-12-13 10:42:01',1,1,NULL,NULL),(25,'0000004','A000030',1,0,0,'','',NULL,'2013-12-13 10:42:01',1,1,NULL,NULL),(26,'0000004','A000031',1,0,0,'','',NULL,'2013-12-13 10:42:01',1,1,NULL,NULL),(27,'0000004','A000032',1,0,0,'','',NULL,'2013-12-13 10:42:01',1,1,NULL,NULL),(28,'0000004','A000033',1,0,0,'','',NULL,'2013-12-13 10:42:01',1,1,NULL,NULL),(29,'0000004','A000034',1,0,0,'','',NULL,'2013-12-13 10:42:01',1,1,NULL,NULL),(30,'0000009','A000035',1,20,0,'','',NULL,'2013-12-13 10:42:01',1,1,NULL,NULL),(31,'0000009','A000036',1,20,0,'','',NULL,'2013-12-13 10:42:01',1,1,NULL,NULL),(32,'0000009','A000037',1,20,0,'','',NULL,'2013-12-13 10:42:01',1,1,NULL,NULL),(33,'0000009','A000038',1,20,0,'','',NULL,'2013-12-13 10:42:01',1,1,NULL,NULL),(34,'0000009','A000039',1,20,0,'','',NULL,'2013-12-13 10:42:01',1,1,NULL,NULL),(35,'0000009','A000040',1,20,0,'','',NULL,'2013-12-13 10:42:01',1,1,NULL,NULL),(36,'0000009','A000041',1,20,0,'','',NULL,'2013-12-13 10:42:01',1,1,NULL,NULL),(37,'0000010','A000042',1,20,0,'','',NULL,'2013-12-13 11:06:52',1,1,NULL,NULL),(38,'0000010','A000043',1,20,0,'','',NULL,'2013-12-13 11:06:52',1,1,NULL,NULL),(39,'0000010','A000044',1,20,0,'','',NULL,'2013-12-13 11:06:52',1,1,NULL,NULL),(40,'0000010','A000045',1,20,0,'','',NULL,'2013-12-13 11:06:52',1,1,NULL,NULL),(41,'0000010','A000046',1,20,0,'','',NULL,'2013-12-13 11:06:52',1,1,NULL,NULL),(42,'0000010','A000047',1,20,0,'','',NULL,'2013-12-13 11:06:52',1,1,NULL,NULL),(43,'0000010','A000048',1,20,0,'','',NULL,'2013-12-13 11:06:52',1,1,NULL,NULL),(44,'0000010','A000049',1,20,0,'','',NULL,'2013-12-13 11:06:52',1,1,NULL,NULL),(45,'0000010','A000050',1,20,0,'','',NULL,'2013-12-13 11:06:52',1,1,NULL,NULL),(46,'0000010','A000051',1,20,0,'','',NULL,'2013-12-13 11:06:52',1,1,NULL,NULL),(47,'0000011','A000052',2,15,0,'','',NULL,'2013-12-13 11:07:13',1,1,NULL,NULL),(48,'0000011','A000053',1,20,0,'','',NULL,'2013-12-13 11:07:13',1,1,NULL,NULL),(49,'0000011','A000054',1,20,0,'','',NULL,'2013-12-13 11:07:13',1,1,NULL,NULL),(50,'0000011','A000055',2,15,0,'','',NULL,'2013-12-13 11:07:13',1,1,NULL,NULL),(51,'0000011','A000056',1,20,0,'','',NULL,'2013-12-13 11:07:13',1,1,NULL,NULL),(52,'0000011','A000057',1,20,0,'','',NULL,'2013-12-13 11:07:13',1,1,NULL,NULL),(53,'0000011','A000058',2,15,0,'','',NULL,'2013-12-13 11:07:13',1,1,NULL,NULL),(54,'0000012','A000059',1,20,0,'','',NULL,'2013-12-13 01:15:33',1,1,NULL,NULL),(55,'0000012','A000060',1,20,0,'','',NULL,'2013-12-13 01:15:33',1,1,NULL,NULL),(56,'0000013','A000061',1,20,0,'','',NULL,'2013-12-13 01:15:41',1,1,NULL,NULL),(57,'0000014','A000062',1,20,0,'','',NULL,'2013-12-13 01:15:48',1,1,NULL,NULL),(58,'0000014','A000063',1,20,0,'','',NULL,'2013-12-13 01:15:48',1,1,NULL,NULL),(59,'0000014','A000064',1,20,0,'','',NULL,'2013-12-13 01:15:48',1,1,NULL,NULL),(60,'0000014','A000065',1,20,0,'','',NULL,'2013-12-13 01:15:48',1,1,NULL,NULL),(61,'0000014','A000066',1,20,0,'','',NULL,'2013-12-13 01:15:48',1,1,NULL,NULL),(62,'0000014','A000067',1,20,0,'','',NULL,'2013-12-13 01:15:48',1,1,NULL,NULL),(63,'0000014','A000068',1,20,0,'','',NULL,'2013-12-13 01:15:48',1,1,NULL,NULL),(64,'0000014','A000069',1,20,0,'','',NULL,'2013-12-13 01:15:48',1,1,NULL,NULL),(65,'0000014','A000070',1,20,0,'','',NULL,'2013-12-13 01:15:48',1,1,NULL,NULL),(66,'0000015','A000071',1,20,0,'','',NULL,'2013-12-13 01:15:48',1,1,NULL,NULL),(67,'0000016','A000072',1,20,0,'','',NULL,'2013-12-13 01:28:27',1,1,NULL,NULL),(68,'0000017','A000073',1,20,0,'','',NULL,'2013-12-13 01:32:05',1,1,NULL,NULL),(69,'0000018','A000074',1,20,0,'','',NULL,'2013-12-13 01:32:56',1,1,NULL,NULL),(70,'0000019','A000075',1,20,0,'','',NULL,'2013-12-13 01:33:02',1,1,NULL,NULL),(71,'0000020','A000076',1,20,0,'','',NULL,'2013-12-13 01:43:02',1,1,NULL,NULL),(72,'0000021','A000077',1,20,0,'','',NULL,'2013-12-13 01:43:48',1,1,NULL,NULL),(73,'0000022','A000078',1,20,0,'','',NULL,'2013-12-13 01:44:39',1,1,NULL,NULL),(74,'0000023','A000079',1,20,0,'','',NULL,'2013-12-13 02:31:49',1,1,NULL,NULL),(75,'0000024','A000080',1,20,0,'','',NULL,'2013-12-13 02:31:54',1,1,NULL,NULL),(76,'0000025','A000081',1,20,0,'','',NULL,'2013-12-13 02:35:30',1,1,NULL,NULL),(77,'0000025','A000082',1,20,0,'','',NULL,'2013-12-13 02:35:30',1,1,NULL,NULL),(78,'0000025','A000083',1,20,0,'','',NULL,'2013-12-13 02:35:30',1,1,NULL,NULL),(79,'0000025','A000084',1,20,0,'','',NULL,'2013-12-13 02:35:30',1,1,NULL,NULL),(80,'0000025','A000085',1,20,0,'','',NULL,'2013-12-13 02:35:30',1,1,NULL,NULL),(81,'0000026','A000086',1,20,0,'','',NULL,'2013-12-13 02:35:35',1,1,NULL,NULL),(82,'0000026','A000087',1,20,0,'','',NULL,'2013-12-13 02:35:35',1,1,NULL,NULL),(83,'0000026','A000088',1,20,0,'','',NULL,'2013-12-13 02:35:35',1,1,NULL,NULL),(84,'0000026','A000089',1,20,0,'','',NULL,'2013-12-13 02:35:35',1,1,NULL,NULL),(85,'0000027','A000090',1,20,0,'','',NULL,'2013-12-13 04:35:59',1,1,NULL,NULL),(86,'0000027','A000091',1,20,0,'','',NULL,'2013-12-13 04:35:59',1,1,NULL,NULL),(87,'0000027','A000092',1,20,0,'','',NULL,'2013-12-13 04:35:59',1,1,NULL,NULL),(88,'0000027','A000093',1,20,0,'','',NULL,'2013-12-13 04:35:59',1,1,NULL,NULL),(89,'0000027','A000094',1,20,0,'','',NULL,'2013-12-13 04:35:59',1,2,NULL,NULL),(90,'0000027','A000095',1,20,0,'','',NULL,'2013-12-13 04:35:59',1,2,NULL,NULL),(91,'0000028','A000096',1,20,0,'','',NULL,'2013-12-13 07:17:46',1,1,NULL,NULL),(92,'0000028','A000097',1,20,0,'','',NULL,'2013-12-13 07:17:46',1,1,NULL,NULL),(93,'0000028','A000098',1,20,0,'','',NULL,'2013-12-13 07:17:46',1,1,NULL,NULL),(94,'0000028','A000099',1,20,0,'','',NULL,'2013-12-13 07:17:46',1,1,NULL,NULL),(95,'0000028','A000100',1,20,0,'','',NULL,'2013-12-13 07:17:46',1,1,NULL,NULL),(96,'0000029','A000101',1,20,0,'','',NULL,'2013-12-13 07:17:52',1,1,NULL,NULL),(97,'0000031','A000102',1,20,0,'','',NULL,'2013-12-13 07:19:33',1,1,NULL,NULL),(98,'0000031','A000103',1,20,0,'','',NULL,'2013-12-13 07:19:33',1,1,NULL,NULL),(99,'0000031','A000104',1,20,0,'','',NULL,'2013-12-13 07:19:33',1,1,NULL,NULL),(100,'0000031','A000105',1,20,0,'','',NULL,'2013-12-13 07:19:33',1,1,NULL,NULL),(101,'0000031','A000106',1,20,0,'','',NULL,'2013-12-13 07:19:33',1,1,NULL,NULL),(102,'0000031','A000107',1,20,0,'','',NULL,'2013-12-13 07:19:33',1,1,NULL,NULL),(103,'0000034','A000108',1,20,0,'','',NULL,'2013-12-13 07:20:48',1,1,NULL,NULL),(104,'0000034','A000109',1,20,0,'','',NULL,'2013-12-13 07:20:48',1,1,NULL,NULL),(105,'0000034','A000110',1,20,0,'','',NULL,'2013-12-13 07:20:48',1,1,NULL,NULL),(106,'0000034','A000111',1,20,0,'','',NULL,'2013-12-13 07:20:48',1,1,NULL,NULL),(107,'0000034','A000112',1,20,0,'','',NULL,'2013-12-13 07:20:48',1,1,NULL,NULL),(108,'0000049','A000113',1,20,0,'','',NULL,'2013-12-13 08:09:10',1,1,NULL,NULL),(109,'0000050','A000114',1,20,0,'','',NULL,'2013-12-13 08:09:13',1,1,NULL,NULL),(110,'0000051','A000115',1,20,0,'','',NULL,'2013-12-13 08:09:37',1,1,NULL,NULL),(111,'0000052','A000116',1,20,0,'','',NULL,'2013-12-13 08:09:40',1,1,NULL,NULL),(112,'0000053','A000117',1,20,0,'','',NULL,'2013-12-13 08:09:44',1,1,NULL,NULL),(113,'0000053','A000118',1,20,0,'','',NULL,'2013-12-13 08:09:44',1,1,NULL,NULL),(114,'0000053','A000119',1,20,0,'','',NULL,'2013-12-13 08:09:44',1,1,NULL,NULL),(115,'0000053','A000120',1,20,0,'','',NULL,'2013-12-13 08:09:44',1,1,NULL,NULL),(116,'0000053','A000121',1,20,0,'','',NULL,'2013-12-13 08:09:44',1,1,NULL,NULL),(117,'0000053','A000122',1,20,0,'','',NULL,'2013-12-13 08:09:44',1,1,NULL,NULL),(118,'0000053','A000123',1,20,0,'','',NULL,'2013-12-13 08:09:44',1,1,NULL,NULL),(119,'0000053','A000124',1,20,0,'','',NULL,'2013-12-13 08:09:44',1,1,NULL,NULL),(120,'0000054','A000125',1,20,0,'','',NULL,'2013-12-13 08:15:02',1,1,NULL,NULL),(121,'0000055','A000126',1,20,0,'','',NULL,'2013-12-13 08:16:00',1,1,NULL,NULL),(122,'0000055','A000127',1,20,0,'','',NULL,'2013-12-13 08:16:00',1,1,NULL,NULL),(123,'0000056','A000128',1,20,0,'','',NULL,'2013-12-13 08:16:26',1,1,NULL,NULL),(124,'0000057','A000129',1,20,0,'','',NULL,'2013-12-13 08:16:37',1,1,NULL,NULL),(125,'0000057','A000130',1,20,0,'','',NULL,'2013-12-13 08:16:37',1,1,NULL,NULL),(126,'0000057','A000131',1,20,0,'','',NULL,'2013-12-13 08:16:37',1,1,NULL,NULL),(127,'0000058','A000132',1,20,0,'','',NULL,'2013-12-13 08:18:08',1,1,NULL,NULL),(128,'0000058','A000133',1,20,0,'','',NULL,'2013-12-13 08:18:08',1,1,NULL,NULL),(129,'0000058','A000134',1,20,0,'','',NULL,'2013-12-13 08:18:08',1,1,NULL,NULL),(130,'0000058','A000135',1,20,0,'','',NULL,'2013-12-13 08:18:08',1,1,NULL,NULL),(131,'0000058','A000136',1,20,0,'','',NULL,'2013-12-13 08:18:08',1,1,NULL,NULL),(132,'0000059','A000137',1,20,0,'','',NULL,'2013-12-13 08:18:46',1,1,NULL,NULL),(133,'0000059','A000138',1,20,0,'','',NULL,'2013-12-13 08:18:46',1,1,NULL,NULL),(134,'0000059','A000139',1,20,0,'','',NULL,'2013-12-13 08:18:46',1,1,NULL,NULL),(135,'0000059','A000140',1,20,0,'','',NULL,'2013-12-13 08:18:46',1,1,NULL,NULL),(136,'0000059','A000141',1,20,0,'','',NULL,'2013-12-13 08:18:46',1,1,NULL,NULL),(137,'0000059','A000142',1,20,0,'','',NULL,'2013-12-13 08:18:46',1,1,NULL,NULL),(138,'0000059','A000143',1,20,0,'','',NULL,'2013-12-13 08:18:46',1,1,NULL,NULL),(139,'0000060','A000144',1,20,0,'','',NULL,'2013-12-13 08:18:53',1,1,NULL,NULL),(140,'0000061','A000145',1,20,0,'','',NULL,'2013-12-13 08:20:23',1,1,NULL,NULL),(141,'0000061','A000146',1,20,0,'','',NULL,'2013-12-13 08:20:23',1,1,NULL,NULL),(142,'0000061','A000147',1,20,0,'','',NULL,'2013-12-13 08:20:23',1,1,NULL,NULL),(143,'0000062','A000148',1,20,0,'','',NULL,'2013-12-13 08:20:29',1,1,NULL,NULL),(144,'0000063','A000149',1,20,0,'','',NULL,'2013-12-13 08:30:48',1,1,NULL,NULL),(145,'0000064','A000150',1,20,0,'','',NULL,'2013-12-13 08:32:43',1,1,NULL,NULL),(146,'0000065','A000151',1,20,0,'','',NULL,'2013-12-13 08:32:47',1,1,NULL,NULL),(147,'0000066','A000152',1,20,0,'','',NULL,'2013-12-13 08:34:26',1,1,NULL,NULL),(148,'0000067','A000153',1,20,0,'','',NULL,'2013-12-13 08:34:29',1,1,NULL,NULL),(149,'0000068','A000154',1,20,0,'','',NULL,'2013-12-13 08:36:11',1,1,NULL,NULL),(150,'0000069','A000155',1,20,0,'','',NULL,'2013-12-13 08:39:05',1,1,NULL,NULL),(151,'0000070','A000156',1,20,0,'','',NULL,'2013-12-13 08:39:09',1,1,NULL,NULL),(152,'0000071','A000157',1,20,0,'','',NULL,'2013-12-13 08:42:07',1,1,NULL,NULL),(153,'0000072','A000158',1,20,0,'','',NULL,'2013-12-13 08:42:56',1,1,NULL,NULL),(154,'0000073','A000159',1,20,0,'','',NULL,'2013-12-13 08:42:59',1,1,NULL,NULL),(155,'0000074','A000160',1,20,0,'','',NULL,'2013-12-13 08:43:01',1,1,NULL,NULL),(156,'0000074','A000161',1,20,0,'','',NULL,'2013-12-13 08:43:01',1,1,NULL,NULL),(157,'0000074','A000162',1,20,0,'','',NULL,'2013-12-13 08:43:01',1,1,NULL,NULL),(158,'0000074','A000163',1,20,0,'','',NULL,'2013-12-13 08:43:01',1,1,NULL,NULL),(159,'0000074','A000164',1,20,0,'','',NULL,'2013-12-13 08:43:01',1,1,NULL,NULL),(160,'0000074','A000165',1,20,0,'','',NULL,'2013-12-13 08:43:01',1,1,NULL,NULL),(161,'0000074','A000166',1,20,0,'','',NULL,'2013-12-13 08:43:01',1,1,NULL,NULL),(162,'0000074','A000167',1,20,0,'','',NULL,'2013-12-13 08:43:01',1,1,NULL,NULL),(163,'0000074','A000168',1,20,0,'','',NULL,'2013-12-13 08:43:01',1,1,NULL,NULL),(164,'0000075','A000169',1,20,0,'','',NULL,'2013-12-13 08:45:59',1,1,NULL,NULL),(165,'0000076','A000170',1,20,0,'','',NULL,'2013-12-13 08:46:30',1,1,NULL,NULL),(166,'0000077','A000171',1,20,0,'','',NULL,'2013-12-13 08:48:50',1,1,NULL,NULL),(167,'0000078','A000172',1,20,0,'','',NULL,'2013-12-13 08:49:01',1,1,NULL,NULL),(168,'0000079','A000173',1,20,0,'','',NULL,'2013-12-13 08:49:51',1,1,NULL,NULL),(169,'0000080','A000174',1,20,0,'','',NULL,'2013-12-13 08:49:56',1,1,NULL,NULL),(170,'0000081','A000175',1,20,0,'','',NULL,'2013-12-13 08:51:54',1,1,NULL,NULL),(171,'0000082','A000176',1,20,0,'','',NULL,'2013-12-13 08:52:27',1,1,NULL,NULL),(172,'0000083','A000177',1,20,0,'','',NULL,'2013-12-13 08:52:29',1,1,NULL,NULL),(173,'0000084','A000178',1,20,0,'','',NULL,'2013-12-13 08:54:10',1,1,NULL,NULL),(174,'0000085','A000179',1,20,0,'','',NULL,'2013-12-13 09:00:28',1,1,NULL,NULL),(175,'0000086','A000180',1,20,0,'','',NULL,'2013-12-13 09:01:36',1,1,NULL,NULL),(176,'0000087','A000181',1,20,0,'','',NULL,'2013-12-13 09:01:59',1,1,NULL,NULL),(177,'0000088','A000182',1,20,0,'','',NULL,'2013-12-13 09:02:33',1,1,NULL,NULL),(178,'0000089','A000183',1,20,0,'','',NULL,'2013-12-13 09:02:39',1,1,NULL,NULL),(179,'0000090','A000184',1,20,0,'','',NULL,'2013-12-13 09:04:31',1,1,NULL,NULL),(180,'0000091','A000185',1,20,0,'','',NULL,'2013-12-13 09:06:21',1,1,NULL,NULL),(181,'0000092','A000186',1,20,0,'','',NULL,'2013-12-13 09:06:40',1,1,NULL,NULL),(182,'0000092','A000187',1,20,0,'','',NULL,'2013-12-13 09:06:40',1,1,NULL,NULL),(183,'0000092','A000188',1,20,0,'','',NULL,'2013-12-13 09:06:40',1,1,NULL,NULL),(184,'0000093','A000189',1,20,0,'','',NULL,'2013-12-13 09:06:46',1,1,NULL,NULL),(185,'0000094','A000190',1,20,0,'','',NULL,'2013-12-13 09:36:47',1,1,NULL,NULL),(186,'0000094','A000191',1,20,0,'','',NULL,'2013-12-13 09:36:47',1,1,NULL,NULL),(187,'0000094','A000192',1,20,0,'','',NULL,'2013-12-13 09:36:47',1,1,NULL,NULL),(188,'0000094','A000193',1,20,0,'','',NULL,'2013-12-13 09:36:47',1,1,NULL,NULL),(189,'0000095','A000194',1,20,0,'','',NULL,'2013-12-13 09:37:02',1,1,NULL,NULL),(190,'0000096','A000195',1,20,0,'','',NULL,'2013-12-13 09:43:03',1,1,NULL,NULL),(191,'0000097','A000196',1,20,0,'','',NULL,'2013-12-13 09:43:14',1,1,NULL,NULL),(192,'0000098','A000197',1,20,0,'','',NULL,'2013-12-13 09:44:36',1,1,NULL,NULL),(193,'0000099','A000198',1,20,0,'','',NULL,'2013-12-13 09:45:30',1,1,NULL,NULL),(194,'0000100','A000199',1,20,0,'','',NULL,'2013-12-13 09:47:01',1,1,NULL,NULL),(195,'0000101','A000200',1,20,0,'','',NULL,'2013-12-13 09:47:22',1,1,NULL,NULL),(196,'0000102','A000201',1,20,0,'','',NULL,'2013-12-13 09:47:25',1,1,NULL,NULL),(197,'0000103','A000202',1,20,0,'','',NULL,'2013-12-13 09:47:44',1,1,NULL,NULL),(198,'0000104','A000203',1,20,0,'','',NULL,'2013-12-13 09:47:46',1,1,NULL,NULL),(199,'0000105','A000204',1,20,0,'','',NULL,'2013-12-13 09:48:23',1,1,NULL,NULL),(200,'0000106','A000205',1,20,0,'','',NULL,'2013-12-13 09:48:44',1,1,NULL,NULL),(201,'0000107','A000206',1,20,0,'','',NULL,'2013-12-13 09:48:48',1,1,NULL,NULL),(202,'0000107','A000207',1,20,0,'','',NULL,'2013-12-13 09:48:48',1,1,NULL,NULL),(203,'0000107','A000208',1,20,0,'','',NULL,'2013-12-13 09:48:48',1,1,NULL,NULL),(204,'0000107','A000209',1,20,0,'','',NULL,'2013-12-13 09:48:48',1,1,NULL,NULL),(205,'0000107','A000210',1,20,0,'','',NULL,'2013-12-13 09:48:48',1,1,NULL,NULL),(206,'0000107','A000211',1,20,0,'','',NULL,'2013-12-13 09:48:48',1,1,NULL,NULL),(207,'0000107','A000212',1,20,0,'','',NULL,'2013-12-13 09:48:48',1,1,NULL,NULL),(208,'0000108','A000213',1,20,0,'','',NULL,'2013-12-13 09:58:55',1,1,NULL,NULL),(209,'0000108','A000214',1,20,0,'','',NULL,'2013-12-13 09:58:55',1,1,NULL,NULL),(210,'0000108','A000215',1,20,0,'','',NULL,'2013-12-13 09:58:55',1,1,NULL,NULL),(211,'0000108','A000216',1,20,0,'','',NULL,'2013-12-13 09:58:55',1,1,NULL,NULL),(212,'0000108','A000217',1,20,0,'','',NULL,'2013-12-13 09:58:55',1,1,NULL,NULL),(213,'0000108','A000218',1,20,0,'','',NULL,'2013-12-13 09:58:55',1,1,NULL,NULL),(214,'0000109','A000219',1,20,0,'','',NULL,'2013-12-13 10:01:56',1,1,NULL,NULL),(215,'0000110','A000220',1,20,0,'','',NULL,'2013-12-13 10:02:49',1,1,NULL,NULL),(216,'0000111','A000221',1,20,0,'','',NULL,'2013-12-13 10:05:07',1,1,NULL,NULL),(217,'0000112','A000222',1,20,0,'','',NULL,'2013-12-13 10:05:14',1,1,NULL,NULL),(218,'0000113','A000223',1,20,0,'','',NULL,'2013-12-13 10:06:56',1,1,NULL,NULL),(219,'0000114','A000224',1,20,0,'','',NULL,'2013-12-13 10:07:11',1,1,NULL,NULL),(220,'0000115','A000225',1,20,0,'','',NULL,'2013-12-13 10:07:15',1,1,NULL,NULL),(221,'0000116','A000226',1,20,0,'','',NULL,'2013-12-13 10:07:22',1,1,NULL,NULL),(222,'0000117','A000227',1,20,0,'','',NULL,'2013-12-13 10:07:26',1,1,NULL,NULL),(223,'0000117','A000228',1,20,0,'','',NULL,'2013-12-13 10:07:26',1,1,NULL,NULL),(224,'0000117','A000229',1,20,0,'','',NULL,'2013-12-13 10:07:26',1,1,NULL,NULL),(225,'0000117','A000230',1,20,0,'','',NULL,'2013-12-13 10:07:26',1,1,NULL,NULL),(226,'0000117','A000231',1,20,0,'','',NULL,'2013-12-13 10:07:26',1,1,NULL,NULL),(227,'0000117','A000232',1,20,0,'','',NULL,'2013-12-13 10:07:26',1,1,NULL,NULL),(228,'0000117','A000233',1,20,0,'','',NULL,'2013-12-13 10:07:26',1,1,NULL,NULL),(229,'0000117','A000234',1,20,0,'','',NULL,'2013-12-13 10:07:26',1,1,NULL,NULL),(230,'0000117','A000235',1,20,0,'','',NULL,'2013-12-13 10:07:26',1,1,NULL,NULL),(231,'0000118','A000236',1,20,0,'','',NULL,'2013-12-13 10:07:37',1,1,NULL,NULL),(232,'0000118','A000237',1,20,0,'','',NULL,'2013-12-13 10:07:37',1,1,NULL,NULL),(233,'0000118','A000238',1,20,0,'','',NULL,'2013-12-13 10:07:37',1,1,NULL,NULL),(234,'0000118','A000239',1,20,0,'','',NULL,'2013-12-13 10:07:37',1,1,NULL,NULL),(235,'0000118','A000240',1,20,0,'','',NULL,'2013-12-13 10:07:37',1,1,NULL,NULL),(236,'0000118','A000241',1,20,0,'','',NULL,'2013-12-13 10:07:37',1,1,NULL,NULL),(237,'0000118','A000242',1,20,0,'','',NULL,'2013-12-13 10:07:37',1,1,NULL,NULL),(238,'0000118','A000243',2,15,0,'','',NULL,'2013-12-13 10:07:37',1,1,NULL,NULL),(239,'0000119','A000244',1,20,0,'','',NULL,'2013-12-13 10:08:07',1,1,NULL,NULL),(240,'0000120','A000245',1,20,0,'','',NULL,'2013-12-13 10:08:11',1,1,NULL,NULL),(241,'0000121','A000246',1,20,0,'','',NULL,'2013-12-13 10:08:20',1,1,NULL,NULL),(242,'0000122','A000247',1,20,0,'','',NULL,'2013-12-13 10:08:23',1,1,NULL,NULL),(243,'0000123','A000248',1,20,0,'','',NULL,'2013-12-13 10:08:28',1,1,NULL,NULL),(244,'0000124','A000249',1,20,0,'','',NULL,'2013-12-13 10:08:33',1,1,NULL,NULL),(245,'0000124','A000250',1,20,0,'','',NULL,'2013-12-13 10:08:33',1,1,NULL,NULL),(246,'0000124','A000251',1,20,0,'','',NULL,'2013-12-13 10:08:33',1,1,NULL,NULL),(247,'0000124','A000252',1,20,0,'','',NULL,'2013-12-13 10:08:33',1,1,NULL,NULL),(248,'0000124','A000253',1,20,0,'','',NULL,'2013-12-13 10:08:33',1,1,NULL,NULL),(249,'0000124','A000254',1,20,0,'','',NULL,'2013-12-13 10:08:33',1,1,NULL,NULL),(250,'0000124','A000255',1,20,0,'','',NULL,'2013-12-13 10:08:33',1,1,NULL,NULL),(251,'0000124','A000256',1,20,0,'','',NULL,'2013-12-13 10:08:33',1,1,NULL,NULL),(252,'0000125','A000257',1,20,0,'','',NULL,'2013-12-13 10:08:43',1,1,NULL,NULL),(253,'0000125','A000258',1,20,0,'','',NULL,'2013-12-13 10:08:43',1,1,NULL,NULL),(254,'0000125','A000259',1,20,0,'','',NULL,'2013-12-13 10:08:43',1,1,NULL,NULL),(255,'0000125','A000260',1,20,0,'','',NULL,'2013-12-13 10:08:43',1,1,NULL,NULL),(256,'0000125','A000261',1,20,0,'','',NULL,'2013-12-13 10:08:43',1,1,NULL,NULL),(257,'0000126','A000262',1,20,0,'','',NULL,'2013-12-13 10:08:56',1,1,NULL,NULL),(258,'0000127','A000263',1,20,0,'','',NULL,'2013-12-13 10:09:03',1,1,NULL,NULL),(259,'0000128','A000264',1,20,0,'','',NULL,'2013-12-13 10:09:06',1,1,NULL,NULL),(260,'0000129','A000265',1,20,0,'','',NULL,'2013-12-13 10:09:14',1,1,NULL,NULL),(261,'0000130','A000266',1,20,0,'','',NULL,'2013-12-13 10:09:30',1,1,NULL,NULL),(262,'0000130','A000267',1,20,0,'','',NULL,'2013-12-13 10:09:30',1,1,NULL,NULL),(263,'0000130','A000268',1,20,0,'','',NULL,'2013-12-13 10:09:30',1,1,NULL,NULL),(264,'0000130','A000269',1,20,0,'','',NULL,'2013-12-13 10:09:30',1,1,NULL,NULL),(265,'0000130','A000270',1,20,0,'','',NULL,'2013-12-13 10:09:30',1,1,NULL,NULL),(266,'0000130','A000271',1,20,0,'','',NULL,'2013-12-13 10:09:30',1,1,NULL,NULL),(267,'0000130','A000272',1,20,0,'','',NULL,'2013-12-13 10:09:30',1,1,NULL,NULL),(268,'0000131','A000273',1,20,0,'','',NULL,'2013-12-13 10:09:37',1,1,NULL,NULL),(269,'0000131','A000274',1,20,0,'','',NULL,'2013-12-13 10:09:37',1,1,NULL,NULL),(270,'0000131','A000275',1,20,0,'','',NULL,'2013-12-13 10:09:37',1,1,NULL,NULL),(271,'0000131','A000276',1,20,0,'','',NULL,'2013-12-13 10:09:37',1,1,NULL,NULL),(272,'0000131','A000277',1,20,0,'','',NULL,'2013-12-13 10:09:37',1,1,NULL,NULL),(273,'0000131','A000278',2,15,0,'','',NULL,'2013-12-13 10:09:37',1,1,NULL,NULL),(274,'0000132','A000279',1,20,0,'','',NULL,'2013-12-13 10:09:48',1,1,NULL,NULL),(275,'0000133','A000280',1,20,0,'','',NULL,'2013-12-13 10:09:51',1,1,NULL,NULL),(276,'0000134','A000281',1,20,0,'','',NULL,'2013-12-13 10:09:55',1,1,NULL,NULL),(277,'0000135','A000282',1,20,0,'','',NULL,'2013-12-13 10:10:08',1,1,NULL,NULL),(278,'0000136','A000283',1,20,0,'','',NULL,'2013-12-13 10:10:14',1,1,NULL,NULL),(279,'0000137','A000284',1,20,0,'','',NULL,'2013-12-13 10:17:27',1,1,NULL,NULL),(280,'0000138','A000285',1,20,0,'','',NULL,'2013-12-13 10:22:31',1,1,NULL,NULL),(281,'0000139','A000286',1,20,0,'','',NULL,'2013-12-13 10:34:27',1,1,NULL,NULL),(282,'0000140','A000287',1,20,0,'','',NULL,'2013-12-13 10:34:48',1,1,NULL,NULL),(283,'0000141','A000288',1,20,0,'','',NULL,'2013-12-13 10:38:35',1,1,NULL,NULL),(284,'0000142','A000289',1,20,0,'','',NULL,'2013-12-13 10:38:38',1,1,NULL,NULL),(285,'0000142','A000290',1,20,0,'','',NULL,'2013-12-13 10:38:38',1,1,NULL,NULL),(286,'0000142','A000291',1,20,0,'','',NULL,'2013-12-13 10:38:38',1,1,NULL,NULL),(287,'0000142','A000292',1,20,0,'','',NULL,'2013-12-13 10:38:38',1,1,NULL,NULL);
/*!40000 ALTER TABLE `terminal_ticket` ENABLE KEYS */;
UNLOCK TABLES;

--
-- Table structure for table `ticket_status`
--

DROP TABLE IF EXISTS `ticket_status`;
/*!40101 SET @saved_cs_client     = @@character_set_client */;
/*!40101 SET character_set_client = utf8 */;
CREATE TABLE `ticket_status` (
  `id` int(11) NOT NULL AUTO_INCREMENT,
  `name` varchar(32) DEFAULT NULL,
  `description` text,
  PRIMARY KEY (`id`)
) ENGINE=InnoDB AUTO_INCREMENT=3 DEFAULT CHARSET=latin1;
/*!40101 SET character_set_client = @saved_cs_client */;

--
-- Dumping data for table `ticket_status`
--

LOCK TABLES `ticket_status` WRITE;
/*!40000 ALTER TABLE `ticket_status` DISABLE KEYS */;
INSERT INTO `ticket_status` VALUES (1,'Booked','Booked'),(2,'Check-in','Check-in');
/*!40000 ALTER TABLE `ticket_status` ENABLE KEYS */;
UNLOCK TABLES;

--
-- Table structure for table `users`
--

DROP TABLE IF EXISTS `users`;
/*!40101 SET @saved_cs_client     = @@character_set_client */;
/*!40101 SET character_set_client = utf8 */;
CREATE TABLE `users` (
  `id` int(11) NOT NULL AUTO_INCREMENT,
  `username` varchar(100) NOT NULL,
  `password` varchar(128) NOT NULL,
  `email` varchar(128) NOT NULL,
  `activkey` varchar(128) NOT NULL DEFAULT '',
  `create_at` timestamp NOT NULL DEFAULT CURRENT_TIMESTAMP,
  `lastvisit_at` timestamp NOT NULL DEFAULT '0000-00-00 00:00:00',
  `superuser` int(1) NOT NULL DEFAULT '0',
  `status` int(1) NOT NULL DEFAULT '0',
  PRIMARY KEY (`id`),
  UNIQUE KEY `username` (`username`),
  UNIQUE KEY `email` (`email`),
  KEY `status` (`status`),
  KEY `superuser` (`superuser`)
) ENGINE=InnoDB AUTO_INCREMENT=3 DEFAULT CHARSET=utf8;
/*!40101 SET character_set_client = @saved_cs_client */;

--
-- Dumping data for table `users`
--

LOCK TABLES `users` WRITE;
/*!40000 ALTER TABLE `users` DISABLE KEYS */;
INSERT INTO `users` VALUES (1,'admin','21232f297a57a5a743894a0e4a801fc3','webmaster@example.com','7c8666649598491530a5b8bb91c41772','2013-05-22 05:15:20','2013-12-13 10:15:20',1,1),(2,'neil','db684cf96914fce8df7d94353f73edfa','neil@Imperium.ph','fe3443d4ff5c4433cbaf96cf9fe46aab','2013-10-29 18:12:13','2013-10-29 18:12:27',0,1);
/*!40000 ALTER TABLE `users` ENABLE KEYS */;
UNLOCK TABLES;
/*!40103 SET TIME_ZONE=@OLD_TIME_ZONE */;

/*!40101 SET SQL_MODE=@OLD_SQL_MODE */;
/*!40014 SET FOREIGN_KEY_CHECKS=@OLD_FOREIGN_KEY_CHECKS */;
/*!40014 SET UNIQUE_CHECKS=@OLD_UNIQUE_CHECKS */;
/*!40101 SET CHARACTER_SET_CLIENT=@OLD_CHARACTER_SET_CLIENT */;
/*!40101 SET CHARACTER_SET_RESULTS=@OLD_CHARACTER_SET_RESULTS */;
/*!40101 SET COLLATION_CONNECTION=@OLD_COLLATION_CONNECTION */;
/*!40111 SET SQL_NOTES=@OLD_SQL_NOTES */;

-- Dump completed on 2013-12-13 22:41:31
